hubble_class,complexity,equation,score,cv_accuracy,n_train,train_acc,train_bal_acc,n_val,val_acc,val_bal_acc,cv_minus_train
E,1,smooth_or_featured__smooth,0.0,0.8864151796716795,24299,0.8864150788098276,0.854366732810234,6075,0.8480658436213991,0.8093732905739963,1.0086185187052621e-07
E,3,smooth_or_featured__smooth * merging__none,0.02209987483935434,0.8889255354918157,24299,0.8889254701839582,0.876575266156971,6075,0.8495473251028807,0.8320184121497156,6.530785756631019e-08
E,4,smooth_or_featured__smooth / exp(merging__merger),0.08726821727174938,0.8988848405699151,24299,0.8988847277665748,0.8775131408985475,6075,0.8549794238683127,0.8266845760428322,1.1280334033525463e-07
E,5,smooth_or_featured__smooth * (1.022746 - merging__merger),0.0156970262374408,0.8992963970808063,24299,0.8992962673361043,0.8782547893340242,6075,0.8530041152263375,0.8250800639633358,1.297447019821263e-07
E,6,abs(smooth_or_featured__smooth * (merging__merger - 1.0227294)),1.3014867331462474e-07,0.8992963970808063,24299,0.8992962673361043,0.8782547893340242,6075,0.8530041152263375,0.8250800639633358,1.297447019821263e-07
E,7,smooth_or_featured__smooth * (sqrt(exp(merging__minor_disturbance)) - merging__merger),0.006997662858144413,0.8998314019125344,24299,0.8998312687764929,0.8780061409542712,6075,0.8549794238683127,0.8260657668793085,1.3313604152465075e-07
E,8,(exp(merging__minor_disturbance * 0.52801126) - merging__merger) * smooth_or_featured__smooth,3.617393529436152e-05,0.8997902411798734,24299,0.8997901148195399,0.8778515358683951,6075,0.8549794238683127,0.8259420050466038,1.2636033352997345e-07
E,9,(exp(merging__minor_disturbance / exp(disk_edge_on__no)) - merging__merger) * smooth_or_featured__smooth,0.00037361174178454724,0.8998725372373357,24299,0.8998724227334458,0.8779751147116972,6075,0.854485596707819,0.8256955793176106,1.1450388992528815e-07
E,10,smooth_or_featured__smooth * (exp(merging__minor_disturbance / square(exp(merging__minor_disturbance))) - merging__merger),0.0010761260792003676,0.9004075844154965,24299,0.9004074241738343,0.8776645892224608,6075,0.8553086419753086,0.8254462257581738,1.6024166216155322e-07
E,11,smooth_or_featured__smooth * ((1.0143311 - merging__merger) - ((smooth_or_featured__featured_or_disk * -0.6088412) * how_rounded__cigar_shaped)),0.0023908893101570717,0.9002840768096536,24299,0.9002839623029755,0.8759941703299085,6075,0.8558024691358025,0.8245787949928243,1.1450667813939219e-07
E,12,smooth_or_featured__smooth * (exp((merging__minor_disturbance / (disk_edge_on__no + merging__minor_disturbance)) * 0.35921586) - merging__merger),0.0026323299396631868,0.9006133203245092,24299,0.9006131939585991,0.8772619495716579,6075,0.8558024691358025,0.8253213659890528,1.2636591018022614e-07
E,14,smooth_or_featured__smooth * (exp(merging__minor_disturbance / ((disk_edge_on__no + merging__minor_disturbance) * exp(sqrt(has_spiral_arms__no)))) - merging__merger),0.0003073326173228068,0.9009013861681305,24299,0.9009012716572699,0.876704441771482,6075,0.8567901234567902,0.8250716464508108,1.1451086068259286e-07
E,15,smooth_or_featured__smooth * (exp(merging__minor_disturbance / ((merging__minor_disturbance * 3.681728) + (disk_edge_on__no * exp(sersic_n)))) - merging__merger),0.0010992366873835296,0.9005309903899004,24299,0.9005308860446932,0.8769527393999059,6075,0.8559670781893004,0.8251972381775428,1.0434520714142081e-07
E,17,smooth_or_featured__smooth * ((1.0034815 - merging__merger) - (smooth_or_featured__featured_or_disk * (((how_rounded__cigar_shaped - (-0.52324903 + smooth_or_featured__featured_or_disk)) * -0.7106794) - smoothness))),0.001453125372481365,0.9010659528751959,24299,0.9010658874850817,0.8778178789908524,6075,0.8562962962962963,0.8258153153834555,6.539011421224927e-08
E,18,abs(smooth_or_featured__smooth * ((1.0034815 - merging__merger) - (smooth_or_featured__featured_or_disk * ((-0.7106794 * (how_rounded__cigar_shaped - (-0.52324903 + smooth_or_featured__featured_or_disk))) - smoothness)))),5.296014755448119e-05,0.9010659528751959,24299,0.9010658874850817,0.8778178789908524,6075,0.8562962962962963,0.8258153153834555,6.539011421224927e-08
E,19,smooth_or_featured__smooth * ((1.0040188 - merging__merger) - ((how_rounded__cigar_shaped - (((smooth_or_featured__featured_or_disk + -0.52061987) - smoothness) - smoothness)) * (smooth_or_featured__featured_or_disk * -0.6904113))),0.0007656112591069893,0.9012717141920682,24299,0.9012716572698465,0.8784671502012656,6075,0.8569547325102881,0.8270514697952812,5.692222171393979e-08
E,21,-0.010049362 + ((exp(merging__minor_disturbance / (disk_edge_on__no + (merging__minor_disturbance * ((0.048912853 / (smooth_or_featured__featured_or_disk - -0.2991483)) * r_eff_pixels)))) - abs(merging__merger)) * smooth_or_featured__smooth),0.0005452400794130038,0.9009837330413124,24299,0.9009835795711758,0.8765495736221092,6075,0.8562962962962963,0.8243301733909986,1.5347013659905429e-07
E,22,abs(-0.010049362 + (abs(exp(merging__minor_disturbance / (disk_edge_on__no + (merging__minor_disturbance * ((0.048912853 / (smooth_or_featured__featured_or_disk - -0.2991483)) * r_eff_pixels)))) - merging__merger) * smooth_or_featured__smooth)),2.7406712346505433e-05,0.9009837330413124,24299,0.9009835795711758,0.8765495736221092,6075,0.8562962962962963,0.8243301733909986,1.5347013659905429e-07
Irr,1,merging__merger,0.0,0.9620559447192729,24299,0.9620560516893699,0.723179375327168,6075,0.9491358024691358,0.6711015265812614,-1.0697009700244564e-07
Irr,3,merging__merger * 0.9372239,0.0016599819883044893,0.9623851797648418,24299,0.9623852833449936,0.7178846623625894,6075,0.9489711934156378,0.6587180897038951,-1.035801517890178e-07
Irr,4,merging__merger / exp(merging__minor_disturbance),0.007968543304346683,0.9626732456084632,24299,0.9626733610436643,0.7159863898098063,6075,0.9501234567901234,0.6579625598032731,-1.1543520106460647e-07
Irr,5,(merging__none + merging__merger) * merging__merger,0.007164293109678015,0.9626732456084632,24299,0.9626733610436643,0.7101753620659571,6075,0.9501234567901234,0.6456663677348407,-1.1543520106460647e-07
Irr,7,(bar__strong + (merging__none + merging__merger)) * merging__merger,0.0013256475004596701,0.9629613453292307,24299,0.9629614387423351,0.7151135927412319,6075,0.9504526748971194,0.6499395880421859,-9.341310436283834e-08
Irr,9,merging__merger * ((merging__none * (sersic_n + merging__merger)) + merging__merger),0.0012590980512648276,0.9631671235846764,24299,0.9631672085270999,0.7217173268190542,6075,0.9489711934156378,0.6518868718880995,-8.494242353940251e-08
Irr,10,((square(smoothness - 0.9735335) * merging__none) + merging__merger) * merging__merger,0.0032202953341353134,0.962920201535143,24299,0.9629202847853822,0.7154336067004013,6075,0.9497942386831276,0.6482243652432913,-8.325023914679264e-08
Irr,11,((square(square(smoothness - 0.9424162)) * merging__none) + merging__merger) * merging__merger,0.004598842560904562,0.9630848275272139,24299,0.963084900613194,0.7192809282847671,6075,0.9501234567901234,0.6511313419874774,-7.308598004573952e-08
Irr,12,(merging__merger * ((0.6689613 - (smoothness * 5.663669)) * merging__none)) + square(merging__merger),0.0006283119698289188,0.9630436752638396,24299,0.963043746656241,0.7182336415983249,6075,0.9507818930041152,0.6528465647863719,-7.139240143505532e-08
Irr,13,((merging__none * square(square(merging__merger + (merging__none - smoothness)))) + merging__merger) * merging__merger,0.0008348459784211996,0.9630848105886407,24299,0.963084900613194,0.7182554528005584,6075,0.9501234567901234,0.648398854861159,-9.002455325646253e-08
Irr,15,merging__merger * (merging__merger + (merging__none * square((merging__none + merging__merger) * square(smoothness - 0.9797915)))),0.0003795517439070872,0.9630436583252664,24299,0.963043746656241,0.7189172919211307,6075,0.9504526748971194,0.651305831605345,-8.833097464577833e-08
Irr,17,((exp(merging__merger + merging__none) * (0.35948923 - ((exp(how_rounded__round) * merging__none) * smoothness))) * merging__merger) - 0.012141776,0.000989491185168813,0.9634551978975843,24299,0.9634552862257706,0.7259719071715233,6075,0.9499588477366255,0.6524103407417026,-8.832818632065198e-08
Irr,18,abs(((0.36093035 - ((smoothness * merging__none) * exp(how_rounded__round))) * (exp(merging__none + merging__merger) * merging__merger)) - 0.01400306),0.0002254690179874998,0.9634551978975843,24299,0.9634552862257706,0.7259719071715233,6075,0.9499588477366255,0.6524103407417026,-8.832818632065198e-08
Irr,19,(exp(merging__none + merging__merger) * (merging__merger * (0.3589867 - ((merging__none * exp(how_rounded__round + bar__strong)) * smoothness)))) - 0.012656912,0.001481145978112488,0.9635786462184213,24299,0.9635787480966295,0.7277464665852382,6075,0.9496296296296296,0.6522358511238349,-1.0187820820295457e-07
Irr,20,abs(0.014550205 - (exp(merging__merger + merging__none) * ((0.36031002 - (exp(bar__strong + how_rounded__round) * (smoothness * merging__none))) * merging__merger))),0.00025715432064084677,0.9635786462184213,24299,0.9635787480966295,0.7277464665852382,6075,0.9496296296296296,0.6522358511238349,-1.0187820820295457e-07
Irr,21,(merging__merger * (bar__strong - (exp((merging__merger + merging__none) - merging__minor_disturbance) * (((smoothness * exp(how_rounded__round)) * merging__none) - 0.366669)))) - 0.013142125,0.0013958738518930957,0.9635786377491347,24299,0.9635787480966295,0.7256955156168208,6075,0.9502880658436214,0.6512185867964112,-1.1034749480831607e-07
Irr,22,abs((merging__merger * (bar__strong - (exp((merging__merger + merging__none) - merging__minor_disturbance) * ((smoothness * (exp(how_rounded__round) * merging__none)) - 0.366669)))) - 0.013142125),0.00019015681967778948,0.9635786377491347,24299,0.9635787480966295,0.7256955156168208,6075,0.9502880658436214,0.6512185867964112,-1.1034749480831607e-07
Irr,24,abs(((merging__merger * (exp(merging__none + merging__merger) - merging__minor_disturbance)) * (((exp((bar__strong + spiral_arm_count__more_than_4) + how_rounded__round) * merging__none) * smoothness) - 0.36539313)) - -0.015994078),0.00035727563237142643,0.9636609422758836,24299,0.9636610560105354,0.7274482638283022,6075,0.9499588477366255,0.6510440971785434,-1.1373465180763986e-07
Irr,25,abs((0.02885514 - (merging__merger * exp((merging__merger + merging__none) - merging__major_disturbance))) * ((smoothness * (merging__none * exp((square(how_rounded__round) + spiral_arm_count__more_than_4) + bar__strong))) - 0.36367664)),0.0002611011076199038,0.9638255767372412,24299,0.9638256718383472,0.7268518583144303,6075,0.9506172839506173,0.6541255635405973,-9.510110599020294e-08
S0,1,0.105768904,0.0,0.8942343299142823,24299,0.8942343306308902,0.5,6075,0.894320987654321,0.5,-7.166078841436274e-10
S0,3,has_spiral_arms__no * smooth_or_featured__featured_or_disk,0.30544611053721876,0.9324250701045195,24299,0.932425202683238,0.7628848140509743,6075,0.9091358024691358,0.696462084423504,-1.3257871855909542e-07
S0,5,has_spiral_arms__no * (smooth_or_featured__featured_or_disk - 0.009695634),0.0005912964930696332,0.9322192749105008,24299,0.9322194328984732,0.7596820079246422,6075,0.9091358024691358,0.6923413683426481,-1.5798797237120965e-07
S0,6,(smooth_or_featured__featured_or_disk * has_spiral_arms__no) / exp(merging__merger),0.031755294852824294,0.9345650979007181,24299,0.934565208444792,0.7484710672838912,6075,0.9124279835390946,0.6880008979393839,-1.1054407389465837e-07
S0,7,has_spiral_arms__no * ((1.1013545 - merging__merger) * smooth_or_featured__featured_or_disk),0.013318975206694818,0.9362936708174641,24299,0.9362936746368163,0.7705371598106352,6075,0.9099588477366255,0.7058504535281964,-3.8193522788887435e-09
S0,9,(((1.12456 - merging__merger) * smooth_or_featured__featured_or_disk) + -0.013726153) * has_spiral_arms__no,0.000945522502532042,0.9362113324135688,24299,0.9362113667229104,0.7710057637831993,6075,0.9099588477366255,0.7058504535281964,-3.430934158998866e-08
S0,10,has_spiral_arms__no * abs(smooth_or_featured__featured_or_disk * (merging__merger + (bulge_size__dominant - 1.1373035))),0.00032038432984344867,0.9369520816235962,24299,0.9369521379480638,0.7733069166651894,6075,0.9091358024691358,0.7040167305717397,-5.632446753445208e-08
S0,11,((1.1971533 - ((smooth_or_featured__smooth * how_rounded__cigar_shaped) + merging__merger)) * smooth_or_featured__featured_or_disk) * has_spiral_arms__no,0.013114765843096092,0.9380632689582862,24299,0.9380632947857936,0.7656941994891799,6075,0.9104526748971193,0.6985718979376637,-2.582750746604745e-08
S0,12,(has_spiral_arms__no + how_rounded__cigar_shaped) * (((1.1994334 - merging__merger) * smooth_or_featured__featured_or_disk) / exp(how_rounded__cigar_shaped)),0.008121154153270532,0.9396270549665167,24299,0.9396271451500062,0.7885259581548659,6075,0.9101234567901234,0.7148707018892851,-9.018348956502109e-08
S0,14,(((has_spiral_arms__no / exp(how_rounded__cigar_shaped)) + (0.47705674 * how_rounded__cigar_shaped)) * smooth_or_featured__featured_or_disk) * (1.1662265 - merging__merger),0.008517289993239875,0.9402032035923327,24299,0.9402033005473476,0.792107402594356,6075,0.9107818930041153,0.7200463247272209,-9.695501490547542e-08
S0,15,abs(((1.1658885 - merging__merger) * ((how_rounded__cigar_shaped * 0.47697708) + (has_spiral_arms__no / exp(how_rounded__cigar_shaped)))) * smooth_or_featured__featured_or_disk),8.496531517376357e-08,0.9401208990655837,24299,0.9401209926334417,0.7917182975359902,6075,0.9109465020576132,0.7201383549131217,-9.356785801717393e-08
S0,16,(1.1779971 - merging__merger) * (((has_spiral_arms__no / exp(how_rounded__cigar_shaped)) + (how_rounded__cigar_shaped * (smooth_or_featured__featured_or_disk * 0.55147004))) * smooth_or_featured__featured_or_disk),0.011998188093125787,0.940367880400123,24299,0.9403679163751595,0.7855093150450911,6075,0.9106172839506173,0.7117128623796082,-3.597503650532019e-08
S0,18,(((has_spiral_arms__no / exp(how_rounded__cigar_shaped)) + (smooth_or_featured__featured_or_disk * (how_rounded__cigar_shaped * 0.54250824))) * (smooth_or_featured__featured_or_disk * (1.209601 - merging__merger))) + -0.011594979,0.001097932370939213,0.9405736247784222,24299,0.9405736861599243,0.7866536194971916,6075,0.9106172839506173,0.7117128623796082,-6.138150210333038e-08
S0,20,(((1.2133464 - merging__merger) * smooth_or_featured__featured_or_disk) * ((((how_rounded__cigar_shaped + -0.017784113) * 0.5475372) * smooth_or_featured__featured_or_disk) + (has_spiral_arms__no / exp(how_rounded__cigar_shaped)))) + -0.009615443,0.00014215243969927814,0.9404913287209599,24299,0.9404913782460184,0.7864360562450117,6075,0.9106172839506173,0.7117128623796082,-4.952505849864508e-08
S0,21,abs((smooth_or_featured__featured_or_disk * (((has_spiral_arms__no / exp(how_rounded__cigar_shaped)) + (-0.008181877 + ((how_rounded__cigar_shaped * 0.53461885) * smooth_or_featured__featured_or_disk))) * (1.2183967 - merging__merger))) + -0.008181877),8.534274551778146e-06,0.9407794030338679,24299,0.940779455944689,0.787111756724548,6075,0.9107818930041153,0.7111181065520332,-5.2910821168872246e-08
S0,22,(smooth_or_featured__featured_or_disk * (((has_spiral_arms__no / exp(how_rounded__cigar_shaped)) + ((((how_rounded__cigar_shaped + 0.08217391) * how_rounded__cigar_shaped) * 0.53461885) * smooth_or_featured__featured_or_disk)) * (1.2183967 - merging__merger))) + -0.008181877,0.0008668236593379514,0.9410262912062551,24299,0.9410263796864069,0.7863921120315998,6075,0.9111111111111111,0.7106153809103591,-8.848015176088353e-08
S0,23,abs(((smooth_or_featured__featured_or_disk * ((has_spiral_arms__no / exp(how_rounded__cigar_shaped)) + ((((how_rounded__cigar_shaped + 0.08217391) * how_rounded__cigar_shaped) * 0.53461885) * smooth_or_featured__featured_or_disk))) * (1.2183967 - merging__merger)) + -0.008181877),0.00011066011791540948,0.9410262912062551,24299,0.9410263796864069,0.7863921120315998,6075,0.9111111111111111,0.7106153809103591,-8.848015176088353e-08
S0,25,((smooth_or_featured__featured_or_disk * ((has_spiral_arms__no / exp(how_rounded__cigar_shaped)) + ((has_spiral_arms__no / exp(concentration)) + (((how_rounded__cigar_shaped * how_rounded__cigar_shaped) * 0.6048655) * smooth_or_featured__featured_or_disk)))) * (1.1338825 - merging__merger)) + -0.009532056,0.00020605855591063102,0.9409028767625645,24299,0.9409029178155479,0.7864946216687949,6075,0.9104526748971193,0.7102472601667553,-4.105298345713493e-08
Sa,1,0.0020331505,0.0,0.9979834628710712,24299,0.997983456109305,0.5,6075,0.9980246913580247,0.5,6.761766258023272e-09
Sa,3,spiral_arm_count__more_than_4 * merging__major_disturbance,0.0027550122527705725,0.9979834628710712,24299,0.997983456109305,0.5,6075,0.9980246913580247,0.5,6.761766258023272e-09
Sa,5,(spiral_winding__tight * bulge_size__large) * merging__minor_disturbance,0.01993270599138014,0.9979834628710712,24299,0.997983456109305,0.5,6075,0.9980246913580247,0.5,6.761766258023272e-09
Sa,6,square((spiral_winding__tight * bulge_size__large) * smooth_or_featured__featured_or_disk),0.048583724903696335,0.9980246151344456,24299,0.9980246100662579,0.5102040816326531,6075,0.9980246913580247,0.5,5.0681877583613755e-09
Sa,7,((0.95731926 - has_spiral_arms__no) * spiral_winding__tight) * bulge_size__large,0.059389445639176565,0.9980657843363933,24299,0.9980657640232108,0.5509585524931622,6075,0.9980246913580247,0.5,2.0313182469422486e-08
Sa,8,smooth_or_featured__featured_or_disk * (square(disk_edge_on__no * spiral_winding__tight) * bulge_size__large),0.03140705395028811,0.9981069281304812,24299,0.9981069179801638,0.5407957079739112,6075,0.9980246913580247,0.5,1.0150317364399086e-08
Sa,9,(1.0141804 - has_spiral_arms__no) * (smooth_or_featured__featured_or_disk * (bulge_size__large * spiral_winding__tight)),0.030943802048593545,0.9981892411265167,24299,0.9981892258940697,0.5612038712392173,6075,0.9980246913580247,0.5,1.52324470814591e-08
Sa,10,bulge_size__large * ((exp(merging__minor_disturbance) - has_spiral_arms__no) * (spiral_winding__tight * smooth_or_featured__featured_or_disk)),0.017138017935149342,0.9982304018591778,24299,0.9982303798510227,0.5714079528718704,6075,0.9980246913580247,0.5,2.2008155076136404e-08
Sa,11,bulge_size__large * ((square(exp(merging__minor_disturbance)) - has_spiral_arms__no) * (smooth_or_featured__featured_or_disk * spiral_winding__tight)),0.009199769701822073,0.9982304018591778,24299,0.9982303798510227,0.5815914159478225,6075,0.9980246913580247,0.5,2.2008155076136404e-08
Sa,12,spiral_winding__tight * (((disk_edge_on__no * bulge_size__large) * (exp(merging__minor_disturbance) - has_spiral_arms__no)) * smooth_or_featured__featured_or_disk),0.003484690057730341,0.9981892411265167,24299,0.9981892258940697,0.5612038712392173,6075,0.9980246913580247,0.5,1.52324470814591e-08
Sa,13,(bulge_size__large * smooth_or_featured__featured_or_disk) * ((square(exp(merging__minor_disturbance)) - has_spiral_arms__no) * (spiral_winding__tight * disk_edge_on__no)),0.014865279679926948,0.9982715541225522,24299,0.9982715338079756,0.5816120345045235,6075,0.9980246913580247,0.5,2.0314576576474508e-08
Sa,14,((disk_edge_on__no + bulge_size__large) * (spiral_winding__tight * bulge_size__large)) * ((edge_on_bulge__rounded - square(has_spiral_arms__no)) * smooth_or_featured__featured_or_disk),0.006109440345525283,0.9982715371839792,24299,0.9982715338079756,0.5816120345045235,6075,0.9978600823045267,0.499917532574633,3.376003587796106e-09
Sa,15,(bulge_size__large * ((spiral_winding__tight * disk_edge_on__no) * (smooth_or_featured__featured_or_disk * (edge_on_bulge__rounded + how_rounded__in_between)))) * (0.9387702 - has_spiral_arms__no),0.007315716192801429,0.9982303933898912,24299,0.9982303798510227,0.5815914159478225,6075,0.9980246913580247,0.5,1.35388684707749e-08
Sa,16,(bulge_size__large * (((spiral_winding__tight * disk_edge_on__no) * smooth_or_featured__featured_or_disk) * (edge_on_bulge__rounded + how_rounded__in_between))) * (0.9387702 - square(has_spiral_arms__no)),0.009823599952893067,0.9982303933898912,24299,0.9982303798510227,0.5815914159478225,6075,0.9980246913580247,0.5,1.35388684707749e-08
Sa,19,(((((exp(merging__minor_disturbance) - has_spiral_arms__no) * sqrt(bulge_size__large)) / (0.6035777 - bulge_size__none)) * (bulge_size__large * disk_edge_on__no)) * smooth_or_featured__featured_or_disk) * spiral_winding__tight,0.0017534043490683375,0.9982715541225522,24299,0.9982715338079756,0.5816120345045235,6075,0.9980246913580247,0.5,2.0314576576474508e-08
Sa,20,(smooth_or_featured__featured_or_disk * ((((exp(merging__minor_disturbance) - square(has_spiral_arms__no)) * spiral_winding__tight) * sqrt(bulge_size__large)) / (0.61549896 - bulge_size__none))) * (bulge_size__large * disk_edge_on__no),0.005101660497253886,0.9982715541225522,24299,0.9982715338079756,0.5816120345045235,6075,0.9978600823045267,0.499917532574633,2.0314576576474508e-08
Sa,22,((((((smooth_or_featured__featured_or_disk * exp(merging__minor_disturbance)) * bulge_size__large) * spiral_winding__tight) * disk_edge_on__no) * (exp(merging__minor_disturbance) - has_spiral_arms__no)) * sqrt(bulge_size__large)) / (0.6362593 - bulge_size__none),0.001493974437521632,0.9983127063859267,24299,0.9983126877649287,0.5918161161371766,6075,0.9980246913580247,0.5,1.862099807681261e-08
Sa,23,((((smooth_or_featured__featured_or_disk * ((exp(merging__minor_disturbance) * bulge_size__large) * spiral_winding__tight)) * sqrt(bulge_size__large)) / (0.6410294 - bulge_size__none)) * disk_edge_on__no) * (exp(merging__minor_disturbance) - square(has_spiral_arms__no)),0.004142098764615486,0.9983127063859267,24299,0.9983126877649287,0.5918161161371766,6075,0.9976954732510288,0.49983506514926607,1.862099807681261e-08
Sa,24,(disk_edge_on__no * ((smooth_or_featured__featured_or_disk * ((spiral_winding__tight * bulge_size__large) * (exp(square(merging__major_disturbance)) - square(has_spiral_arms__no)))) * exp(merging__minor_disturbance))) * (sqrt(bulge_size__large) / (0.6177153 - bulge_size__none)),0.003954023564788919,0.9983127063859267,24299,0.9983126877649287,0.5918161161371766,6075,0.9978600823045267,0.499917532574633,1.862099807681261e-08
Sa,25,((exp(merging__minor_disturbance) * (bulge_size__large * (sqrt(bulge_size__large) / (0.6171797 - bulge_size__none)))) * (spiral_winding__tight * (disk_edge_on__no * smooth_or_featured__featured_or_disk))) * (exp(square(square(merging__major_disturbance))) - square(has_spiral_arms__no)),0.001546645658566576,0.9983127063859267,24299,0.9983126877649287,0.5918161161371766,6075,0.9978600823045267,0.499917532574633,1.862099807681261e-08
Sb,1,0.10464767,0.0,0.8953454918411128,24299,0.8953454874686201,0.5,6075,0.8953086419753087,0.5,4.372492701243402e-09
Sb,3,smooth_or_featured__featured_or_disk * spiral_winding__tight,0.33849672561737565,0.9388451789009746,24299,0.9388452199678999,0.8545478244863112,6075,0.9081481481481481,0.7536238105645114,-4.1066925304811264e-08
Sb,4,square(smooth_or_featured__featured_or_disk * spiral_winding__tight),0.12375848139589211,0.9483105043714222,24299,0.9483106300670809,0.8200710782447763,6075,0.9246090534979424,0.7315761082607444,-1.2569565877029731e-07
Sb,5,spiral_winding__tight * (disk_edge_on__no * smooth_or_featured__featured_or_disk),0.14411520242716655,0.9535782735698127,24299,0.9535783365570599,0.859649991826555,6075,0.9231275720164609,0.758518144636743,-6.29872471957782e-08
Sb,6,(smooth_or_featured__featured_or_disk * spiral_winding__tight) / exp(has_spiral_arms__no),0.032606866429213045,0.9575702802571614,24299,0.9575702703814972,0.8547601858441136,6075,0.9274074074074075,0.7511890018628563,9.875664175318377e-09
Sb,7,(smooth_or_featured__featured_or_disk * spiral_winding__tight) * (0.98912686 - has_spiral_arms__no),0.05875385601738462,0.9579817944216197,24299,0.9579818099510268,0.8520381954739575,6075,0.9282304526748971,0.7488717057450212,-1.5529407093595182e-08
Sb,8,(sqrt(spiral_winding__tight) * (0.9591392 - has_spiral_arms__no)) * smooth_or_featured__featured_or_disk,0.06518888067405354,0.9590106518217011,24299,0.9590106588748508,0.8642463617324581,6075,0.9274074074074075,0.7720160476225166,-7.053149730928965e-09
Sb,9,((sqrt(spiral_winding__tight) * disk_edge_on__no) * smooth_or_featured__featured_or_disk) / exp(has_spiral_arms__no),0.015364808517075364,0.9601629998890523,24299,0.9601629696695337,0.8681889464078667,6075,0.9279012345679012,0.7743745381885544,3.021951855419758e-08
Sb,10,(smooth_or_featured__featured_or_disk * (disk_edge_on__no * (0.9977229 - has_spiral_arms__no))) * sqrt(spiral_winding__tight),0.024163325282831428,0.9603276004732638,24299,0.9603275854973455,0.8665445150544302,6075,0.9279012345679012,0.7709033638952776,1.4975918283255396e-08
Sb,11,(smooth_or_featured__featured_or_disk * disk_edge_on__no) * (sqrt(spiral_winding__tight) / exp(has_spiral_arms__no + merging__merger)),0.010649256227746408,0.9614387031150884,24299,0.9614387423350755,0.8642132215035423,6075,0.928395061728395,0.7690964453093834,-3.9219987146843494e-08
Sb,12,(smooth_or_featured__featured_or_disk * (disk_edge_on__no * sqrt(spiral_winding__tight))) / exp(square(has_spiral_arms__no + merging__merger)),0.0013287718688076433,0.96197367406967,24299,0.961973743775464,0.8770137817803679,6075,0.9298765432098766,0.7858912050286713,-6.970579391474274e-08
Sb,13,(smooth_or_featured__featured_or_disk * (disk_edge_on__no * sqrt(spiral_winding__tight))) / square(exp(square(has_spiral_arms__no + merging__merger))),0.029462129311343052,0.9623852729269939,24299,0.9623852833449936,0.8709927073783037,6075,0.9297119341563786,0.781633867213382,-1.0417999685152779e-08
Sb,15,disk_edge_on__no * ((sqrt(spiral_winding__tight) / exp(merging__merger + square(has_spiral_arms__no + square(has_spiral_arms__no)))) * smooth_or_featured__featured_or_disk),0.000306597255190707,0.9627144825647032,24299,0.9627145150006173,0.8718711087117357,6075,0.928724279835391,0.7755284163639959,-3.243591417678715e-08
Sb,16,((smooth_or_featured__featured_or_disk * sqrt(spiral_winding__tight)) * (disk_edge_on__no / (square(square(has_spiral_arms__no + merging__merger)) + 0.09642098))) * 0.09615936,0.0034417710879711357,0.9627556432973643,24299,0.9627556689575703,0.8739777228977275,6075,0.9305349794238683,0.785564684823445,-2.566020596006524e-08
Sb,18,(disk_edge_on__no * ((sqrt(spiral_winding__tight) * 0.10853954) + 0.010373089)) * (smooth_or_featured__featured_or_disk / (square(square(merging__merger + has_spiral_arms__no)) + 0.12071396)),0.0066916565167989064,0.9627556432973643,24299,0.9627556689575703,0.876582262922918,6075,0.9290534979423868,0.7882085011465065,-2.566020596006524e-08
Sb,20,((disk_edge_on__no * (0.013354447 + (sqrt(spiral_winding__tight) * 0.14100233))) * smooth_or_featured__featured_or_disk) / (square(merging__merger + square(has_spiral_arms__no + bulge_size__large)) + 0.15402132),0.002192475791143082,0.9631671659311092,24299,0.9631672085270999,0.8755966325695554,6075,0.9290534979423868,0.7833488571359192,-4.25959907346396e-08
Sb,21,((smooth_or_featured__featured_or_disk * ((sqrt(spiral_winding__tight) * 0.12820928) + 0.012421057)) * disk_edge_on__no) / (square(square(bulge_size__large) + (merging__merger + square(has_spiral_arms__no))) + 0.13946718),0.0016078281709767871,0.9634963925073917,24299,0.9634964401827236,0.8778641219164224,6075,0.9292181069958848,0.7862177252338978,-4.767533190452866e-08
Sb,23,((0.12820928 * sqrt(spiral_winding__tight * disk_edge_on__no)) + 0.012421057) * ((smooth_or_featured__featured_or_disk / (square(square(bulge_size__large) + (merging__merger + square(has_spiral_arms__no))) + 0.13946718)) * disk_edge_on__no),0.0005457596129564198,0.9636198831746613,24299,0.9636199020535825,0.8765439804005053,6075,0.9293827160493827,0.784226949321289,-1.8878921204112942e-08
Sb,25,(smooth_or_featured__featured_or_disk * (((sqrt(spiral_winding__tight * 2.5992599) + 0.15534835) / (square(square(bulge_size__large + square(has_spiral_arms__no / 0.7307459)) + merging__merger) + 0.17556389)) * 0.099141784)) * disk_edge_on__no,0.0008366439788532013,0.9632906565983788,24299,0.9632906703979588,0.8782701190922639,6075,0.9288888888888889,0.7860338679071832,-1.379958003422388e-08
Sc,1,merging__minor_disturbance,0.0,0.939339031469328,24299,0.9393390674513354,0.5011102045918299,6075,0.9395884773662552,0.4996498599439776,-3.598200748466951e-08
Sc,3,smooth_or_featured__featured_or_disk * 0.22679321,0.07743863326575424,0.9402856097505202,24299,0.9402856084612535,0.5,6075,0.9402469135802469,0.5,1.2892666934050112e-09
Sc,4,square(smooth_or_featured__featured_or_disk * spiral_winding__medium),0.1819880389470146,0.9520557245178225,24299,0.9520556401498004,0.7741048866135014,6075,0.9295473251028806,0.6555446558788804,8.436802212408168e-08
Sc,5,square(square(smooth_or_featured__featured_or_disk * spiral_winding__medium)),0.08507465438608285,0.9565415668349514,24299,0.9565414214576732,0.7251799324140408,6075,0.940082304526749,0.6172911313285645,1.453772782156193e-07
Sc,6,square(smooth_or_featured__featured_or_disk * (0.7770279 - spiral_winding__tight)),0.12311034762021801,0.954236853761676,24299,0.9542367998683073,0.7852686172677203,6075,0.9381069958847736,0.6562268502442299,5.389336865668781e-08
Sc,7,square(smooth_or_featured__featured_or_disk / exp(has_spiral_arms__no + spiral_winding__tight)),0.0898621549597016,0.9639491605666629,24299,0.9639491337092061,0.8933764559407499,6075,0.9395884773662552,0.7331173171748038,2.6857456814077807e-08
Sc,8,square((smooth_or_featured__featured_or_disk - spiral_winding__tight) * (has_spiral_arms__no + -0.8755845)),0.13028894060214274,0.9645253769467713,24299,0.9645252891065476,0.8468904317412699,6075,0.9443621399176955,0.6969595689515475,8.784022376140399e-08
Sc,9,square(((0.8866031 - spiral_winding__tight) * smooth_or_featured__featured_or_disk) / exp(has_spiral_arms__no)),0.03209371255709683,0.9651015425111604,24299,0.965101444503889,0.8526828094263206,6075,0.9441975308641976,0.7046112866634257,9.800727140962806e-08
Sc,10,square((disk_edge_on__no - spiral_winding__tight) * ((has_spiral_arms__no + -0.9080884) * smooth_or_featured__featured_or_disk)),0.03171251804901085,0.9665419225449868,24299,0.9665418329972427,0.8576439211970108,6075,0.9438683127572016,0.6966969639095307,8.954774410874222e-08
Sc,11,square((smooth_or_featured__featured_or_disk / exp(has_spiral_arms__no)) * (0.8941874 - spiral_winding__tight)) * disk_edge_on__no,0.006894288013851475,0.9666241931945894,24299,0.9666241409111486,0.8534925083058723,6075,0.9438683127572016,0.6966969639095307,5.228344079899472e-08
Sc,12,square(smooth_or_featured__featured_or_disk * (disk_edge_on__no / (merging__merger + (square(exp(spiral_winding__tight)) + has_spiral_arms__no)))),0.030973577634276446,0.9682703091374286,24299,0.9682702991892671,0.8546905646304008,6075,0.9440329218106996,0.6903351216519665,9.948161516781795e-09
Sc,13,square((smooth_or_featured__featured_or_disk * disk_edge_on__no) / exp(spiral_winding__tight + ((has_spiral_arms__no + spiral_winding__tight) + merging__merger))),0.005027623588659353,0.9682291484047676,24299,0.9682291452323141,0.8501507942942856,6075,0.9438683127572016,0.6863779602750191,3.1724535221044903e-09
Sc,14,square(disk_edge_on__no * (smooth_or_featured__featured_or_disk / (merging__merger + square(exp(spiral_winding__tight))))) * (0.92262685 - has_spiral_arms__no),0.014673812231396192,0.9684760873928742,24299,0.9684760689740318,0.8460869164171527,6075,0.9450205761316872,0.6882805808273722,1.8418842340217623e-08
Sc,15,disk_edge_on__no * square(smooth_or_featured__featured_or_disk * ((spiral_winding__loose + (spiral_winding__medium + -0.04901425)) / exp(has_spiral_arms__no + merging__merger))),0.004166978465869682,0.9686818656483196,24299,0.9686818387587967,0.857491051641194,6075,0.9446913580246914,0.6932650126166169,2.6889522941608845e-08
Sc,16,square(disk_edge_on__no * ((((spiral_winding__loose / exp(bulge_size__none)) + spiral_winding__medium) * smooth_or_featured__featured_or_disk) / exp(merging__merger + has_spiral_arms__no))),0.012957604438070393,0.9694637671217213,24299,0.969463763940903,0.8672653223074205,6075,0.9443621399176955,0.6969595689515475,3.180818386461226e-09
Sc,17,square(((((bulge_size__none * spiral_winding__loose) - spiral_winding__loose) - spiral_winding__medium) * (smooth_or_featured__featured_or_disk / exp(has_spiral_arms__no + merging__merger))) * disk_edge_on__no),0.0019080349609020826,0.9695460716484703,24299,0.9695460718548088,0.866986383629951,6075,0.9445267489711934,0.6970471039655531,-2.0633850184026414e-10
Sc,18,disk_edge_on__no * square((smooth_or_featured__featured_or_disk / (exp(has_spiral_arms__no) + merging__merger)) * ((spiral_winding__loose / exp(bulge_size__none)) + (spiral_winding__medium + -0.04630579))),0.012407974024527474,0.9695049532622422,24299,0.9695049178978559,0.8559924896043876,6075,0.9455144032921811,0.6949925631409588,3.5364386308245344e-08
Sc,19,disk_edge_on__no * square((smooth_or_featured__featured_or_disk / (exp(has_spiral_arms__no + merging__merger) + 0.04998864)) * (((bulge_size__none * spiral_winding__loose) - spiral_winding__loose) - spiral_winding__medium)),0.001840546551708258,0.96942263179692,24299,0.9694226099839499,0.8562714282818572,6075,0.9453497942386831,0.6961949035812672,2.181297009684613e-08
Sc,20,square(((disk_edge_on__no * smooth_or_featured__featured_or_disk) + 0.20676985) * ((spiral_winding__medium + (spiral_winding__loose / exp(bulge_size__none))) / (merging__merger + exp(has_spiral_arms__no)))) / 1.6159296,0.002791292411367327,0.9695872323811313,24299,0.9695872258117618,0.8618449684318938,6075,0.9448559670781893,0.6946424230849364,6.5693694928370405e-09
Sc,21,square((((-0.115879424 - smooth_or_featured__featured_or_disk) / (exp(merging__merger + has_spiral_arms__no) + 0.18538181)) * (spiral_winding__medium - ((spiral_winding__loose * bulge_size__none) - spiral_winding__loose))) * disk_edge_on__no),0.001964744738613742,0.9695049447929556,24299,0.9695049178978559,0.8559924896043876,6075,0.945843621399177,0.69516763316897,2.689509970288384e-08
Sc,23,(disk_edge_on__no * square((((spiral_winding__loose * bulge_size__none) - spiral_winding__loose) - spiral_winding__medium) * ((smooth_or_featured__featured_or_disk / exp((merging__merger + 0.18538181) + has_spiral_arms__no)) - -0.115879424))) + -0.0040696207,0.0002943973384420878,0.969504936323669,24299,0.9695049178978559,0.861801200924891,6075,0.9450205761316872,0.6973097090075699,1.8425813097522337e-08
Sc,24,square(abs(((-0.16654326 - (disk_edge_on__no * (smooth_or_featured__featured_or_disk / (exp(merging__merger + has_spiral_arms__no) + 0.17090252)))) * (((bulge_size__none * spiral_winding__loose) - spiral_winding__loose) - spiral_winding__medium)) + -0.07275353)),0.0012530636940899262,0.9694637755910079,24299,0.969463763940903,0.8598430800645551,6075,0.9451851851851852,0.6935276176586337,1.165010499182273e-08
Sc,25,square(((((bulge_size__dominant - spiral_winding__loose) / exp(bulge_size__none)) / exp(bulge_size__none)) - spiral_winding__medium) * (-0.10453457 - (smooth_or_featured__featured_or_disk / exp((has_spiral_arms__no + merging__merger) + 0.17028452)))) * disk_edge_on__no,0.0008419141931160053,0.9696695538464535,24299,0.9696695337256678,0.858984380278645,6075,0.9450205761316872,0.694729958098942,2.0120785704236255e-08
Sd,1,0.004280062,0.0,0.9957199952233223,24299,0.995719988476892,0.5,6075,0.9957201646090535,0.5,6.746430303294915e-09
Sd,3,spiral_winding__loose * 0.04085224,0.016520536155727412,0.9957199952233223,24299,0.995719988476892,0.5,6075,0.9957201646090535,0.5,6.746430303294915e-09
Sd,4,square(spiral_winding__loose * -0.24786037),0.01551651174210638,0.9957199952233223,24299,0.995719988476892,0.5,6075,0.9957201646090535,0.5,6.746430303294915e-09
Sd,5,spiral_winding__loose * (smooth_or_featured__featured_or_disk * 0.11740021),0.04613197151722091,0.9957199952233223,24299,0.995719988476892,0.5,6075,0.9957201646090535,0.5,6.746430303294915e-09
Sd,6,square((spiral_winding__loose * smooth_or_featured__featured_or_disk) / concentration),0.027993129757215424,0.9957199952233223,24299,0.995719988476892,0.5,6075,0.9957201646090535,0.5,6.746430303294915e-09
Sd,7,(spiral_winding__loose * bulge_size__none) * (spiral_arm_count__2 * smooth_or_featured__featured_or_disk),0.023709901523701074,0.9960492302688915,24299,0.9960492201325157,0.5719707266281971,6075,0.9958847736625515,0.538378880170912,1.0136375738767356e-08
Sd,8,(spiral_winding__loose * (sqrt(bulge_size__none) * spiral_arm_count__2)) * smooth_or_featured__featured_or_disk,0.02957059588091509,0.9958846212153935,24299,0.9958846043047039,0.5862491455640867,6075,0.9957201646090535,0.5382962218802854,1.6910689515370336e-08
Sd,9,((spiral_winding__loose * bulge_size__none) * (1.044934 - has_spiral_arms__no)) * smooth_or_featured__featured_or_disk,0.048486389407097055,0.9962550169936236,24299,0.9962549899172806,0.5912221612857075,6075,0.9962139917695473,0.5576923076923077,2.7076343056542385e-08
Sd,10,smooth_or_featured__featured_or_disk * ((spiral_winding__loose * (0.95921737 - has_spiral_arms__no)) * sqrt(bulge_size__none)),0.06815419173673713,0.9962550169936236,24299,0.9962549899172806,0.6007962150476099,6075,0.9960493827160494,0.5576096494016811,2.7076343056542385e-08
Sd,11,(sqrt(bulge_size__none) * spiral_winding__loose) * square(smooth_or_featured__featured_or_disk * (has_spiral_arms__no + -1.0704992)),0.027705934577705968,0.9962550169936236,24299,0.9962549899172806,0.6103702688095125,6075,0.9960493827160494,0.5767577603418239,2.7076343056542385e-08
Sd,12,(spiral_winding__loose * square((has_spiral_arms__no + -1.1223111) * square(smooth_or_featured__featured_or_disk))) * sqrt(bulge_size__none),0.00526446616558435,0.9963373215203724,24299,0.9963372978311865,0.6056245727820433,6075,0.9962139917695473,0.5768404186324504,2.3689185835173987e-08
Sd,13,(square((has_spiral_arms__no + -1.1147678) * (disk_edge_on__no * smooth_or_featured__featured_or_disk)) * spiral_winding__loose) * sqrt(bulge_size__none),0.011001139674198987,0.996296169256998,24299,0.9962961438742335,0.6103909342362535,6075,0.9960493827160494,0.5767577603418239,2.5382764556880488e-08
Sd,14,(sqrt(bulge_size__none) * square(square(disk_edge_on__no * smooth_or_featured__featured_or_disk) * (has_spiral_arms__no + -1.1805726))) * spiral_winding__loose,0.0018696717822546652,0.996378473783747,24299,0.9963784517881394,0.6056452382087844,6075,0.9960493827160494,0.5767577603418239,2.1995607557556696e-08
Sd,15,square(smooth_or_featured__featured_or_disk * (disk_edge_on__no * (has_spiral_arms__no + -1.1078717))) * (spiral_winding__loose * sqrt(bulge_size__none + bulge_size__dominant)),0.015264996875083597,0.996296169256998,24299,0.9962961438742335,0.6103909342362535,6075,0.9960493827160494,0.5767577603418239,2.5382764556880488e-08
Sd,16,(sqrt(bulge_size__none) * spiral_winding__loose) * square(((has_spiral_arms__no + square(merging__merger)) + -1.1823766) * (smooth_or_featured__featured_or_disk * disk_edge_on__no)),0.006226543089037869,0.9965430913065315,24299,0.9965430676159512,0.6296630343205049,6075,0.9960493827160494,0.5767577603418239,2.3690580275292916e-08
Sd,17,sqrt(bulge_size__none) * (square(smooth_or_featured__featured_or_disk * (disk_edge_on__no * (((merging__merger + -1.1750648) + has_spiral_arms__no) - bulge_size__moderate))) * spiral_winding__loose),0.024860206088775153,0.9966665480966549,24299,0.9966665294868101,0.6345120574816793,6075,0.9960493827160494,0.5767577603418239,1.8609844776307227e-08
Sd,18,(spiral_winding__loose * sqrt(bulge_size__none)) * square((smooth_or_featured__featured_or_disk * disk_edge_on__no) * (((has_spiral_arms__no + -1.0659242) + merging__merger) - sqrt(bulge_size__moderate))),0.005198528040629919,0.996419634516408,24299,0.9964196057450924,0.6296010380402817,6075,0.9960493827160494,0.5767577603418239,2.8771315663256303e-08
Sd,19,square(smooth_or_featured__featured_or_disk * ((has_spiral_arms__no + ((-1.0467274 + square(merging__merger)) - sqrt(bulge_size__moderate))) * disk_edge_on__no)) * (sqrt(bulge_size__none) * spiral_winding__loose),0.004366909031828344,0.9964607867797826,24299,0.9964607597020454,0.6391957572289253,6075,0.9958847736625515,0.5766751020511973,2.7077737163594406e-08
Sd,20,square((sqrt(bulge_size__moderate) - ((merging__merger + has_spiral_arms__no) + -1.3036033)) * ((disk_edge_on__no * smooth_or_featured__featured_or_disk) + -0.16225271)) * (spiral_winding__loose * sqrt(bulge_size__none)),0.004638412788258526,0.9965430913065315,24299,0.9965430676159512,0.6296630343205049,6075,0.9960493827160494,0.5767577603418239,2.3690580275292916e-08
Sd,21,(sqrt(bulge_size__none) * square(square(disk_edge_on__no * (((has_spiral_arms__no + -1.0582975) * smooth_or_featured__featured_or_disk) + (sqrt(bulge_size__moderate) * (merging__merger + -0.4639456)))))) * spiral_winding__loose,0.007398944394696417,0.9966665480966549,24299,0.9966665294868101,0.6440861112435818,6075,0.9957201646090535,0.5382962218802854,1.8609844776307227e-08
Sd,22,(sqrt(bulge_size__none) * spiral_winding__loose) * square(square((((merging__merger + -0.49315467) * sqrt(bulge_size__moderate)) + ((square(has_spiral_arms__no) + -1.0309492) * smooth_or_featured__featured_or_disk)) * disk_edge_on__no)),0.007084000901712602,0.9965430828372449,24299,0.9965430676159512,0.6344500612014561,6075,0.9958847736625515,0.5766751020511973,1.5221293669931413e-08
Sd,24,(spiral_winding__loose * square(square((((square(has_spiral_arms__no) + -1.0467274) * disk_edge_on__no) * smooth_or_featured__featured_or_disk) + (sqrt(bulge_size__moderate) * ((bar__no / -1.5752251) + merging__merger))))) * sqrt(bulge_size__none),0.0006182599013078239,0.9964196260471215,24299,0.9964196057450924,0.6248140111593304,6075,0.9958847736625515,0.5766751020511973,2.0302029168917102e-08
Sd,25,square(square((((sqrt(bar__no) / -1.5864528) + merging__merger) * sqrt(bulge_size__moderate)) + (((square(has_spiral_arms__no) + -1.0357974) * smooth_or_featured__featured_or_disk) * disk_edge_on__no))) * (spiral_winding__loose * sqrt(bulge_size__none)),0.007271033926433261,0.9964196260471215,24299,0.9964196057450924,0.6296010380402817,6075,0.9958847736625515,0.5766751020511973,2.0302029168917102e-08
